product_1,product_2,frequency,support
Cisco SPA508G,Global Commerce Series High-Back Swivel/Tilt Chairs,2,0.09940357852882703
GBC Recycled VeloBinder Covers,Wilson Jones Active Use Binders,2,0.09940357852882703
Logitech VX Revolution Cordless Laser Mouse for Notebooks (Black),Tennsco Industrial Shelving,2,0.09940357852882703
X-Rack File for Hanging Folders,Xerox 192,2,0.09940357852882703
Anker Astro 15000mAh USB Portable Charger,GBC Prestige Therm-A-Bind Covers,2,0.09940357852882703
Acco Hanging Data Binders,Xerox 1881,2,0.09940357852882703
GBC DocuBind P400 Electric Binding System,Xerox 1881,2,0.09940357852882703
Sabrent 4-Port USB 2.0 Hub,Xerox 1881,2,0.09940357852882703
"Wirebound Message Books, Four 2 3/4"" x 5"" Forms per Page, 600 Sets per Book",Xerox 1882,2,0.09940357852882703
Anker 36W 4-Port USB Wall Charger Travel Power Adapter for iPhone 5s 5c 5,Staples,2,0.09940357852882703
Logitech G19 Programmable Gaming Keyboard,"Square Credit Card Reader, 4 1/2"" x 4 1/2"" x 1"", White",2,0.09940357852882703
DAX Two-Tone Silver Metal Document Frame,Memorex Micro Travel Drive 16 GB,2,0.09940357852882703
"Eldon Image Series Desk Accessories, Burgundy",Memorex Micro Travel Drive 16 GB,2,0.09940357852882703
"Elite 5"" Scissors",Memorex Micro Travel Drive 16 GB,2,0.09940357852882703
Memorex Micro Travel Drive 16 GB,Newell 344,2,0.09940357852882703
Memorex Micro Travel Drive 16 GB,Staple-based wall hangings,2,0.09940357852882703
Memorex Micro Travel Drive 16 GB,"Wirebound Four 2-3/4 x 5 Forms per Page, 400 Sets per Book",2,0.09940357852882703
KI Adjustable-Height Table,Staples,2,0.09940357852882703
Adjustable Depth Letter/Legal Cart,Maxell iVDR EX 500GB Cartridge,2,0.09940357852882703
Adjustable Depth Letter/Legal Cart,Wilson Jones Turn Tabs Binder Tool for Ring Binders,2,0.09940357852882703
